,Alpha,Beta,MAPE
P8,0.8,0.2,10.187104432425837
P9,0.30000000000000004,0.1,10.009316260617693
P11,0.9,0.5,10.270662314066097
P14,0.30000000000000004,0.5,10.09674464784838
P15,0.7000000000000001,0.30000000000000004,10.031815772646366
